Year,Quarter,Age at exploitation,Location of exploitation,NRM referrals
2009,Q2,Adult (18 or over),Overseas,1
2009,Q2,Adult (18 or over),UK,4
2009,Q2,Adult (18 or over),UK and Overseas,0
2009,Q2,Adult (18 or over),Not specified or unknown,122
2009,Q2,Adult (18 or over),Total,127
2009,Q2,Child (17 or under),Overseas,0
2009,Q2,Child (17 or under),UK,1
2009,Q2,Child (17 or under),UK and Overseas,0
2009,Q2,Child (17 or under),Not specified or unknown,46
2009,Q2,Child (17 or under),Total,47
2009,Q2,Age not specified or unknown,Overseas,0
2009,Q2,Age not specified or unknown,UK,0
2009,Q2,Age not specified or unknown,UK and Overseas,0
2009,Q2,Age not specified or unknown,Not specified or unknown,0
2009,Q2,Age not specified or unknown,Total,0
2009,Q3,Adult (18 or over),Overseas,2
2009,Q3,Adult (18 or over),UK,3
2009,Q3,Adult (18 or over),UK and Overseas,0
2009,Q3,Adult (18 or over),Not specified or unknown,127
2009,Q3,Adult (18 or over),Total,132
2009,Q3,Child (17 or under),Overseas,0
2009,Q3,Child (17 or under),UK,1
2009,Q3,Child (17 or under),UK and Overseas,0
2009,Q3,Child (17 or under),Not specified or unknown,61
2009,Q3,Child (17 or under),Total,62
2009,Q3,Age not specified or unknown,Overseas,0
2009,Q3,Age not specified or unknown,UK,0
2009,Q3,Age not specified or unknown,UK and Overseas,0
2009,Q3,Age not specified or unknown,Not specified or unknown,0
2009,Q3,Age not specified or unknown,Total,0
2009,Q4,Adult (18 or over),Overseas,0
2009,Q4,Adult (18 or over),UK,4
2009,Q4,Adult (18 or over),UK and Overseas,0
2009,Q4,Adult (18 or over),Not specified or unknown,138
2009,Q4,Adult (18 or over),Total,142
2009,Q4,Child (17 or under),Overseas,0
2009,Q4,Child (17 or under),UK,1
2009,Q4,Child (17 or under),UK and Overseas,0
2009,Q4,Child (17 or under),Not specified or unknown,41
2009,Q4,Child (17 or under),Total,42
2009,Q4,Age not specified or unknown,Overseas,0
2009,Q4,Age not specified or unknown,UK,0
2009,Q4,Age not specified or unknown,UK and Overseas,0
2009,Q4,Age not specified or unknown,Not specified or unknown,0
2009,Q4,Age not specified or unknown,Total,0
2010,Q1,Adult (18 or over),Overseas,0
2010,Q1,Adult (18 or over),UK,14
2010,Q1,Adult (18 or over),UK and Overseas,1
2010,Q1,Adult (18 or over),Not specified or unknown,115
2010,Q1,Adult (18 or over),Total,130
2010,Q1,Child (17 or under),Overseas,0
2010,Q1,Child (17 or under),UK,1
2010,Q1,Child (17 or under),UK and Overseas,0
2010,Q1,Child (17 or under),Not specified or unknown,41
2010,Q1,Child (17 or under),Total,42
2010,Q1,Age not specified or unknown,Overseas,0
2010,Q1,Age not specified or unknown,UK,0
2010,Q1,Age not specified or unknown,UK and Overseas,0
2010,Q1,Age not specified or unknown,Not specified or unknown,0
2010,Q1,Age not specified or unknown,Total,0
2010,Q2,Adult (18 or over),Overseas,0
2010,Q2,Adult (18 or over),UK,0
2010,Q2,Adult (18 or over),UK and Overseas,0
2010,Q2,Adult (18 or over),Not specified or unknown,101
2010,Q2,Adult (18 or over),Total,101
2010,Q2,Child (17 or under),Overseas,0
2010,Q2,Child (17 or under),UK,0
2010,Q2,Child (17 or under),UK and Overseas,0
2010,Q2,Child (17 or under),Not specified or unknown,37
2010,Q2,Child (17 or under),Total,37
2010,Q2,Age not specified or unknown,Overseas,0
2010,Q2,Age not specified or unknown,UK,0
2010,Q2,Age not specified or unknown,UK and Overseas,0
2010,Q2,Age not specified or unknown,Not specified or unknown,0
2010,Q2,Age not specified or unknown,Total,0
2010,Q3,Adult (18 or over),Overseas,0
2010,Q3,Adult (18 or over),UK,16
2010,Q3,Adult (18 or over),UK and Overseas,1
2010,Q3,Adult (18 or over),Not specified or unknown,132
2010,Q3,Adult (18 or over),Total,149
2010,Q3,Child (17 or under),Overseas,0
2010,Q3,Child (17 or under),UK,2
2010,Q3,Child (17 or under),UK and Overseas,0
2010,Q3,Child (17 or under),Not specified or unknown,61
2010,Q3,Child (17 or under),Total,63
2010,Q3,Age not specified or unknown,Overseas,0
2010,Q3,Age not specified or unknown,UK,0
2010,Q3,Age not specified or unknown,UK and Overseas,0
2010,Q3,Age not specified or unknown,Not specified or unknown,0
2010,Q3,Age not specified or unknown,Total,0
2010,Q4,Adult (18 or over),Overseas,0
2010,Q4,Adult (18 or over),UK,25
2010,Q4,Adult (18 or over),UK and Overseas,1
2010,Q4,Adult (18 or over),Not specified or unknown,129
2010,Q4,Adult (18 or over),Total,155
2010,Q4,Child (17 or under),Overseas,0
2010,Q4,Child (17 or under),UK,4
2010,Q4,Child (17 or under),UK and Overseas,0
2010,Q4,Child (17 or under),Not specified or unknown,45
2010,Q4,Child (17 or under),Total,49
2010,Q4,Age not specified or unknown,Overseas,0
2010,Q4,Age not specified or unknown,UK,0
2010,Q4,Age not specified or unknown,UK and Overseas,0
2010,Q4,Age not specified or unknown,Not specified or unknown,0
2010,Q4,Age not specified or unknown,Total,0
2011,Q1,Adult (18 or over),Overseas,2
2011,Q1,Adult (18 or over),UK,43
2011,Q1,Adult (18 or over),UK and Overseas,2
2011,Q1,Adult (18 or over),Not specified or unknown,119
2011,Q1,Adult (18 or over),Total,166
2011,Q1,Child (17 or under),Overseas,0
2011,Q1,Child (17 or under),UK,4
2011,Q1,Child (17 or under),UK and Overseas,3
2011,Q1,Child (17 or under),Not specified or unknown,53
2011,Q1,Child (17 or under),Total,60
2011,Q1,Age not specified or unknown,Overseas,0
2011,Q1,Age not specified or unknown,UK,0
2011,Q1,Age not specified or unknown,UK and Overseas,0
2011,Q1,Age not specified or unknown,Not specified or unknown,0
2011,Q1,Age not specified or unknown,Total,0
2011,Q2,Adult (18 or over),Overseas,5
2011,Q2,Adult (18 or over),UK,82
2011,Q2,Adult (18 or over),UK and Overseas,4
2011,Q2,Adult (18 or over),Not specified or unknown,44
2011,Q2,Adult (18 or over),Total,135
2011,Q2,Child (17 or under),Overseas,2
2011,Q2,Child (17 or under),UK,34
2011,Q2,Child (17 or under),UK and Overseas,1
2011,Q2,Child (17 or under),Not specified or unknown,14
2011,Q2,Child (17 or under),Total,51
2011,Q2,Age not specified or unknown,Overseas,0
2011,Q2,Age not specified or unknown,UK,0
2011,Q2,Age not specified or unknown,UK and Overseas,0
2011,Q2,Age not specified or unknown,Not specified or unknown,0
2011,Q2,Age not specified or unknown,Total,0
2011,Q3,Adult (18 or over),Overseas,15
2011,Q3,Adult (18 or over),UK,94
2011,Q3,Adult (18 or over),UK and Overseas,9
2011,Q3,Adult (18 or over),Not specified or unknown,71
2011,Q3,Adult (18 or over),Total,189
2011,Q3,Child (17 or under),Overseas,2
2011,Q3,Child (17 or under),UK,53
2011,Q3,Child (17 or under),UK and Overseas,6
2011,Q3,Child (17 or under),Not specified or unknown,28
2011,Q3,Child (17 or under),Total,89
2011,Q3,Age not specified or unknown,Overseas,0
2011,Q3,Age not specified or unknown,UK,0
2011,Q3,Age not specified or unknown,UK and Overseas,0
2011,Q3,Age not specified or unknown,Not specified or unknown,0
2011,Q3,Age not specified or unknown,Total,0
2011,Q4,Adult (18 or over),Overseas,7
2011,Q4,Adult (18 or over),UK,54
2011,Q4,Adult (18 or over),UK and Overseas,11
2011,Q4,Adult (18 or over),Not specified or unknown,80
2011,Q4,Adult (18 or over),Total,152
2011,Q4,Child (17 or under),Overseas,4
2011,Q4,Child (17 or under),UK,38
2011,Q4,Child (17 or under),UK and Overseas,1
2011,Q4,Child (17 or under),Not specified or unknown,51
2011,Q4,Child (17 or under),Total,94
2011,Q4,Age not specified or unknown,Overseas,0
2011,Q4,Age not specified or unknown,UK,0
2011,Q4,Age not specified or unknown,UK and Overseas,0
2011,Q4,Age not specified or unknown,Not specified or unknown,0
2011,Q4,Age not specified or unknown,Total,0
2012,Q1,Adult (18 or over),Overseas,19
2012,Q1,Adult (18 or over),UK,60
2012,Q1,Adult (18 or over),UK and Overseas,8
2012,Q1,Adult (18 or over),Not specified or unknown,61
2012,Q1,Adult (18 or over),Total,148
2012,Q1,Child (17 or under),Overseas,9
2012,Q1,Child (17 or under),UK,31
2012,Q1,Child (17 or under),UK and Overseas,8
2012,Q1,Child (17 or under),Not specified or unknown,40
2012,Q1,Child (17 or under),Total,88
2012,Q1,Age not specified or unknown,Overseas,0
2012,Q1,Age not specified or unknown,UK,0
2012,Q1,Age not specified or unknown,UK and Overseas,0
2012,Q1,Age not specified or unknown,Not specified or unknown,0
2012,Q1,Age not specified or unknown,Total,0
2012,Q2,Adult (18 or over),Overseas,24
2012,Q2,Adult (18 or over),UK,88
2012,Q2,Adult (18 or over),UK and Overseas,7
2012,Q2,Adult (18 or over),Not specified or unknown,86
2012,Q2,Adult (18 or over),Total,205
2012,Q2,Child (17 or under),Overseas,12
2012,Q2,Child (17 or under),UK,32
2012,Q2,Child (17 or under),UK and Overseas,7
2012,Q2,Child (17 or under),Not specified or unknown,36
2012,Q2,Child (17 or under),Total,87
2012,Q2,Age not specified or unknown,Overseas,0
2012,Q2,Age not specified or unknown,UK,0
2012,Q2,Age not specified or unknown,UK and Overseas,0
2012,Q2,Age not specified or unknown,Not specified or unknown,0
2012,Q2,Age not specified or unknown,Total,0
2012,Q3,Adult (18 or over),Overseas,35
2012,Q3,Adult (18 or over),UK,100
2012,Q3,Adult (18 or over),UK and Overseas,13
2012,Q3,Adult (18 or over),Not specified or unknown,66
2012,Q3,Adult (18 or over),Total,214
2012,Q3,Child (17 or under),Overseas,4
2012,Q3,Child (17 or under),UK,35
2012,Q3,Child (17 or under),UK and Overseas,4
2012,Q3,Child (17 or under),Not specified or unknown,61
2012,Q3,Child (17 or under),Total,104
2012,Q3,Age not specified or unknown,Overseas,0
2012,Q3,Age not specified or unknown,UK,0
2012,Q3,Age not specified or unknown,UK and Overseas,0
2012,Q3,Age not specified or unknown,Not specified or unknown,0
2012,Q3,Age not specified or unknown,Total,0
2012,Q4,Adult (18 or over),Overseas,29
2012,Q4,Adult (18 or over),UK,114
2012,Q4,Adult (18 or over),UK and Overseas,35
2012,Q4,Adult (18 or over),Not specified or unknown,66
2012,Q4,Adult (18 or over),Total,244
2012,Q4,Child (17 or under),Overseas,14
2012,Q4,Child (17 or under),UK,29
2012,Q4,Child (17 or under),UK and Overseas,2
2012,Q4,Child (17 or under),Not specified or unknown,43
2012,Q4,Child (17 or under),Total,88
2012,Q4,Age not specified or unknown,Overseas,0
2012,Q4,Age not specified or unknown,UK,0
2012,Q4,Age not specified or unknown,UK and Overseas,0
2012,Q4,Age not specified or unknown,Not specified or unknown,0
2012,Q4,Age not specified or unknown,Total,0
2013,Q1,Adult (18 or over),Overseas,50
2013,Q1,Adult (18 or over),UK,123
2013,Q1,Adult (18 or over),UK and Overseas,12
2013,Q1,Adult (18 or over),Not specified or unknown,115
2013,Q1,Adult (18 or over),Total,300
2013,Q1,Child (17 or under),Overseas,9
2013,Q1,Child (17 or under),UK,38
2013,Q1,Child (17 or under),UK and Overseas,2
2013,Q1,Child (17 or under),Not specified or unknown,57
2013,Q1,Child (17 or under),Total,106
2013,Q1,Age not specified or unknown,Overseas,0
2013,Q1,Age not specified or unknown,UK,0
2013,Q1,Age not specified or unknown,UK and Overseas,0
2013,Q1,Age not specified or unknown,Not specified or unknown,0
2013,Q1,Age not specified or unknown,Total,0
2013,Q2,Adult (18 or over),Overseas,37
2013,Q2,Adult (18 or over),UK,122
2013,Q2,Adult (18 or over),UK and Overseas,7
2013,Q2,Adult (18 or over),Not specified or unknown,107
2013,Q2,Adult (18 or over),Total,273
2013,Q2,Child (17 or under),Overseas,19
2013,Q2,Child (17 or under),UK,32
2013,Q2,Child (17 or under),UK and Overseas,3
2013,Q2,Child (17 or under),Not specified or unknown,56
2013,Q2,Child (17 or under),Total,110
2013,Q2,Age not specified or unknown,Overseas,0
2013,Q2,Age not specified or unknown,UK,0
2013,Q2,Age not specified or unknown,UK and Overseas,0
2013,Q2,Age not specified or unknown,Not specified or unknown,0
2013,Q2,Age not specified or unknown,Total,0
2013,Q3,Adult (18 or over),Overseas,42
2013,Q3,Adult (18 or over),UK,130
2013,Q3,Adult (18 or over),UK and Overseas,26
2013,Q3,Adult (18 or over),Not specified or unknown,93
2013,Q3,Adult (18 or over),Total,291
2013,Q3,Child (17 or under),Overseas,10
2013,Q3,Child (17 or under),UK,54
2013,Q3,Child (17 or under),UK and Overseas,5
2013,Q3,Child (17 or under),Not specified or unknown,36
2013,Q3,Child (17 or under),Total,105
2013,Q3,Age not specified or unknown,Overseas,0
2013,Q3,Age not specified or unknown,UK,0
2013,Q3,Age not specified or unknown,UK and Overseas,0
2013,Q3,Age not specified or unknown,Not specified or unknown,0
2013,Q3,Age not specified or unknown,Total,0
2013,Q4,Adult (18 or over),Overseas,59
2013,Q4,Adult (18 or over),UK,236
2013,Q4,Adult (18 or over),UK and Overseas,11
2013,Q4,Adult (18 or over),Not specified or unknown,126
2013,Q4,Adult (18 or over),Total,432
2013,Q4,Child (17 or under),Overseas,17
2013,Q4,Child (17 or under),UK,43
2013,Q4,Child (17 or under),UK and Overseas,3
2013,Q4,Child (17 or under),Not specified or unknown,63
2013,Q4,Child (17 or under),Total,126
2013,Q4,Age not specified or unknown,Overseas,0
2013,Q4,Age not specified or unknown,UK,0
2013,Q4,Age not specified or unknown,UK and Overseas,0
2013,Q4,Age not specified or unknown,Not specified or unknown,0
2013,Q4,Age not specified or unknown,Total,0
2014,Q1,Adult (18 or over),Overseas,76
2014,Q1,Adult (18 or over),UK,155
2014,Q1,Adult (18 or over),UK and Overseas,17
2014,Q1,Adult (18 or over),Not specified or unknown,146
2014,Q1,Adult (18 or over),Total,394
2014,Q1,Child (17 or under),Overseas,24
2014,Q1,Child (17 or under),UK,80
2014,Q1,Child (17 or under),UK and Overseas,5
2014,Q1,Child (17 or under),Not specified or unknown,64
2014,Q1,Child (17 or under),Total,173
2014,Q1,Age not specified or unknown,Overseas,0
2014,Q1,Age not specified or unknown,UK,0
2014,Q1,Age not specified or unknown,UK and Overseas,0
2014,Q1,Age not specified or unknown,Not specified or unknown,0
2014,Q1,Age not specified or unknown,Total,0
2014,Q2,Adult (18 or over),Overseas,45
2014,Q2,Adult (18 or over),UK,164
2014,Q2,Adult (18 or over),UK and Overseas,22
2014,Q2,Adult (18 or over),Not specified or unknown,124
2014,Q2,Adult (18 or over),Total,355
2014,Q2,Child (17 or under),Overseas,28
2014,Q2,Child (17 or under),UK,46
2014,Q2,Child (17 or under),UK and Overseas,11
2014,Q2,Child (17 or under),Not specified or unknown,66
2014,Q2,Child (17 or under),Total,151
2014,Q2,Age not specified or unknown,Overseas,0
2014,Q2,Age not specified or unknown,UK,0
2014,Q2,Age not specified or unknown,UK and Overseas,0
2014,Q2,Age not specified or unknown,Not specified or unknown,0
2014,Q2,Age not specified or unknown,Total,0
2014,Q3,Adult (18 or over),Overseas,83
2014,Q3,Adult (18 or over),UK,202
2014,Q3,Adult (18 or over),UK and Overseas,43
2014,Q3,Adult (18 or over),Not specified or unknown,132
2014,Q3,Adult (18 or over),Total,460
2014,Q3,Child (17 or under),Overseas,35
2014,Q3,Child (17 or under),UK,61
2014,Q3,Child (17 or under),UK and Overseas,8
2014,Q3,Child (17 or under),Not specified or unknown,64
2014,Q3,Child (17 or under),Total,168
2014,Q3,Age not specified or unknown,Overseas,0
2014,Q3,Age not specified or unknown,UK,0
2014,Q3,Age not specified or unknown,UK and Overseas,0
2014,Q3,Age not specified or unknown,Not specified or unknown,0
2014,Q3,Age not specified or unknown,Total,0
2014,Q4,Adult (18 or over),Overseas,135
2014,Q4,Adult (18 or over),UK,232
2014,Q4,Adult (18 or over),UK and Overseas,42
2014,Q4,Adult (18 or over),Not specified or unknown,47
2014,Q4,Adult (18 or over),Total,456
2014,Q4,Child (17 or under),Overseas,33
2014,Q4,Child (17 or under),UK,88
2014,Q4,Child (17 or under),UK and Overseas,11
2014,Q4,Child (17 or under),Not specified or unknown,48
2014,Q4,Child (17 or under),Total,180
2014,Q4,Age not specified or unknown,Overseas,0
2014,Q4,Age not specified or unknown,UK,0
2014,Q4,Age not specified or unknown,UK and Overseas,0
2014,Q4,Age not specified or unknown,Not specified or unknown,0
2014,Q4,Age not specified or unknown,Total,0
2015,Q1,Adult (18 or over),Overseas,107
2015,Q1,Adult (18 or over),UK,234
2015,Q1,Adult (18 or over),UK and Overseas,37
2015,Q1,Adult (18 or over),Not specified or unknown,151
2015,Q1,Adult (18 or over),Total,529
2015,Q1,Child (17 or under),Overseas,36
2015,Q1,Child (17 or under),UK,72
2015,Q1,Child (17 or under),UK and Overseas,11
2015,Q1,Child (17 or under),Not specified or unknown,79
2015,Q1,Child (17 or under),Total,198
2015,Q1,Age not specified or unknown,Overseas,0
2015,Q1,Age not specified or unknown,UK,0
2015,Q1,Age not specified or unknown,UK and Overseas,0
2015,Q1,Age not specified or unknown,Not specified or unknown,0
2015,Q1,Age not specified or unknown,Total,0
2015,Q2,Adult (18 or over),Overseas,142
2015,Q2,Adult (18 or over),UK,231
2015,Q2,Adult (18 or over),UK and Overseas,36
2015,Q2,Adult (18 or over),Not specified or unknown,133
2015,Q2,Adult (18 or over),Total,542
2015,Q2,Child (17 or under),Overseas,49
2015,Q2,Child (17 or under),UK,86
2015,Q2,Child (17 or under),UK and Overseas,9
2015,Q2,Child (17 or under),Not specified or unknown,74
2015,Q2,Child (17 or under),Total,218
2015,Q2,Age not specified or unknown,Overseas,0
2015,Q2,Age not specified or unknown,UK,0
2015,Q2,Age not specified or unknown,UK and Overseas,0
2015,Q2,Age not specified or unknown,Not specified or unknown,0
2015,Q2,Age not specified or unknown,Total,0
2015,Q3,Adult (18 or over),Overseas,178
2015,Q3,Adult (18 or over),UK,269
2015,Q3,Adult (18 or over),UK and Overseas,36
2015,Q3,Adult (18 or over),Not specified or unknown,117
2015,Q3,Adult (18 or over),Total,600
2015,Q3,Child (17 or under),Overseas,65
2015,Q3,Child (17 or under),UK,77
2015,Q3,Child (17 or under),UK and Overseas,7
2015,Q3,Child (17 or under),Not specified or unknown,88
2015,Q3,Child (17 or under),Total,237
2015,Q3,Age not specified or unknown,Overseas,0
2015,Q3,Age not specified or unknown,UK,0
2015,Q3,Age not specified or unknown,UK and Overseas,0
2015,Q3,Age not specified or unknown,Not specified or unknown,0
2015,Q3,Age not specified or unknown,Total,0
2015,Q4,Adult (18 or over),Overseas,179
2015,Q4,Adult (18 or over),UK,239
2015,Q4,Adult (18 or over),UK and Overseas,51
2015,Q4,Adult (18 or over),Not specified or unknown,144
2015,Q4,Adult (18 or over),Total,613
2015,Q4,Child (17 or under),Overseas,94
2015,Q4,Child (17 or under),UK,72
2015,Q4,Child (17 or under),UK and Overseas,6
2015,Q4,Child (17 or under),Not specified or unknown,154
2015,Q4,Child (17 or under),Total,326
2015,Q4,Age not specified or unknown,Overseas,0
2015,Q4,Age not specified or unknown,UK,0
2015,Q4,Age not specified or unknown,UK and Overseas,0
2015,Q4,Age not specified or unknown,Not specified or unknown,0
2015,Q4,Age not specified or unknown,Total,0
2016,Q1,Adult (18 or over),Overseas,164
2016,Q1,Adult (18 or over),UK,279
2016,Q1,Adult (18 or over),UK and Overseas,46
2016,Q1,Adult (18 or over),Not specified or unknown,121
2016,Q1,Adult (18 or over),Total,610
2016,Q1,Child (17 or under),Overseas,83
2016,Q1,Child (17 or under),UK,92
2016,Q1,Child (17 or under),UK and Overseas,21
2016,Q1,Child (17 or under),Not specified or unknown,88
2016,Q1,Child (17 or under),Total,284
2016,Q1,Age not specified or unknown,Overseas,0
2016,Q1,Age not specified or unknown,UK,0
2016,Q1,Age not specified or unknown,UK and Overseas,0
2016,Q1,Age not specified or unknown,Not specified or unknown,0
2016,Q1,Age not specified or unknown,Total,0
2016,Q2,Adult (18 or over),Overseas,202
2016,Q2,Adult (18 or over),UK,316
2016,Q2,Adult (18 or over),UK and Overseas,49
2016,Q2,Adult (18 or over),Not specified or unknown,102
2016,Q2,Adult (18 or over),Total,669
2016,Q2,Child (17 or under),Overseas,100
2016,Q2,Child (17 or under),UK,134
2016,Q2,Child (17 or under),UK and Overseas,10
2016,Q2,Child (17 or under),Not specified or unknown,90
2016,Q2,Child (17 or under),Total,334
2016,Q2,Age not specified or unknown,Overseas,0
2016,Q2,Age not specified or unknown,UK,0
2016,Q2,Age not specified or unknown,UK and Overseas,0
2016,Q2,Age not specified or unknown,Not specified or unknown,0
2016,Q2,Age not specified or unknown,Total,0
2016,Q3,Adult (18 or over),Overseas,151
2016,Q3,Adult (18 or over),UK,325
2016,Q3,Adult (18 or over),UK and Overseas,51
2016,Q3,Adult (18 or over),Not specified or unknown,79
2016,Q3,Adult (18 or over),Total,606
2016,Q3,Child (17 or under),Overseas,77
2016,Q3,Child (17 or under),UK,112
2016,Q3,Child (17 or under),UK and Overseas,14
2016,Q3,Child (17 or under),Not specified or unknown,97
2016,Q3,Child (17 or under),Total,300
2016,Q3,Age not specified or unknown,Overseas,0
2016,Q3,Age not specified or unknown,UK,0
2016,Q3,Age not specified or unknown,UK and Overseas,0
2016,Q3,Age not specified or unknown,Not specified or unknown,0
2016,Q3,Age not specified or unknown,Total,0
2016,Q4,Adult (18 or over),Overseas,196
2016,Q4,Adult (18 or over),UK,299
2016,Q4,Adult (18 or over),UK and Overseas,65
2016,Q4,Adult (18 or over),Not specified or unknown,79
2016,Q4,Adult (18 or over),Total,639
2016,Q4,Child (17 or under),Overseas,93
2016,Q4,Child (17 or under),UK,160
2016,Q4,Child (17 or under),UK and Overseas,20
2016,Q4,Child (17 or under),Not specified or unknown,90
2016,Q4,Child (17 or under),Total,363
2016,Q4,Age not specified or unknown,Overseas,0
2016,Q4,Age not specified or unknown,UK,0
2016,Q4,Age not specified or unknown,UK and Overseas,0
2016,Q4,Age not specified or unknown,Not specified or unknown,0
2016,Q4,Age not specified or unknown,Total,0
2017,Q1,Adult (18 or over),Overseas,252
2017,Q1,Adult (18 or over),UK,324
2017,Q1,Adult (18 or over),UK and Overseas,91
2017,Q1,Adult (18 or over),Not specified or unknown,59
2017,Q1,Adult (18 or over),Total,726
2017,Q1,Child (17 or under),Overseas,135
2017,Q1,Child (17 or under),UK,202
2017,Q1,Child (17 or under),UK and Overseas,22
2017,Q1,Child (17 or under),Not specified or unknown,71
2017,Q1,Child (17 or under),Total,430
2017,Q1,Age not specified or unknown,Overseas,0
2017,Q1,Age not specified or unknown,UK,0
2017,Q1,Age not specified or unknown,UK and Overseas,0
2017,Q1,Age not specified or unknown,Not specified or unknown,0
2017,Q1,Age not specified or unknown,Total,0
2017,Q2,Adult (18 or over),Overseas,254
2017,Q2,Adult (18 or over),UK,323
2017,Q2,Adult (18 or over),UK and Overseas,81
2017,Q2,Adult (18 or over),Not specified or unknown,54
2017,Q2,Adult (18 or over),Total,712
2017,Q2,Child (17 or under),Overseas,163
2017,Q2,Child (17 or under),UK,198
2017,Q2,Child (17 or under),UK and Overseas,17
2017,Q2,Child (17 or under),Not specified or unknown,104
2017,Q2,Child (17 or under),Total,482
2017,Q2,Age not specified or unknown,Overseas,0
2017,Q2,Age not specified or unknown,UK,0
2017,Q2,Age not specified or unknown,UK and Overseas,0
2017,Q2,Age not specified or unknown,Not specified or unknown,0
2017,Q2,Age not specified or unknown,Total,0
2017,Q3,Adult (18 or over),Overseas,217
2017,Q3,Adult (18 or over),UK,383
2017,Q3,Adult (18 or over),UK and Overseas,110
2017,Q3,Adult (18 or over),Not specified or unknown,68
2017,Q3,Adult (18 or over),Total,778
2017,Q3,Child (17 or under),Overseas,176
2017,Q3,Child (17 or under),UK,234
2017,Q3,Child (17 or under),UK and Overseas,38
2017,Q3,Child (17 or under),Not specified or unknown,97
2017,Q3,Child (17 or under),Total,545
2017,Q3,Age not specified or unknown,Overseas,0
2017,Q3,Age not specified or unknown,UK,0
2017,Q3,Age not specified or unknown,UK and Overseas,0
2017,Q3,Age not specified or unknown,Not specified or unknown,0
2017,Q3,Age not specified or unknown,Total,0
2017,Q4,Adult (18 or over),Overseas,236
2017,Q4,Adult (18 or over),UK,371
2017,Q4,Adult (18 or over),UK and Overseas,134
2017,Q4,Adult (18 or over),Not specified or unknown,65
2017,Q4,Adult (18 or over),Total,806
2017,Q4,Child (17 or under),Overseas,180
2017,Q4,Child (17 or under),UK,351
2017,Q4,Child (17 or under),UK and Overseas,31
2017,Q4,Child (17 or under),Not specified or unknown,95
2017,Q4,Child (17 or under),Total,657
2017,Q4,Age not specified or unknown,Overseas,0
2017,Q4,Age not specified or unknown,UK,0
2017,Q4,Age not specified or unknown,UK and Overseas,0
2017,Q4,Age not specified or unknown,Not specified or unknown,0
2017,Q4,Age not specified or unknown,Total,0
2018,Q1,Adult (18 or over),Overseas,246
2018,Q1,Adult (18 or over),UK,438
2018,Q1,Adult (18 or over),UK and Overseas,137
2018,Q1,Adult (18 or over),Not specified or unknown,65
2018,Q1,Adult (18 or over),Total,886
2018,Q1,Child (17 or under),Overseas,202
2018,Q1,Child (17 or under),UK,415
2018,Q1,Child (17 or under),UK and Overseas,35
2018,Q1,Child (17 or under),Not specified or unknown,80
2018,Q1,Child (17 or under),Total,732
2018,Q1,Age not specified or unknown,Overseas,0
2018,Q1,Age not specified or unknown,UK,0
2018,Q1,Age not specified or unknown,UK and Overseas,0
2018,Q1,Age not specified or unknown,Not specified or unknown,0
2018,Q1,Age not specified or unknown,Total,0
2018,Q2,Adult (18 or over),Overseas,274
2018,Q2,Adult (18 or over),UK,454
2018,Q2,Adult (18 or over),UK and Overseas,135
2018,Q2,Adult (18 or over),Not specified or unknown,64
2018,Q2,Adult (18 or over),Total,927
2018,Q2,Child (17 or under),Overseas,214
2018,Q2,Child (17 or under),UK,423
2018,Q2,Child (17 or under),UK and Overseas,29
2018,Q2,Child (17 or under),Not specified or unknown,59
2018,Q2,Child (17 or under),Total,725
2018,Q2,Age not specified or unknown,Overseas,0
2018,Q2,Age not specified or unknown,UK,0
2018,Q2,Age not specified or unknown,UK and Overseas,0
2018,Q2,Age not specified or unknown,Not specified or unknown,0
2018,Q2,Age not specified or unknown,Total,0
2018,Q3,Adult (18 or over),Overseas,320
2018,Q3,Adult (18 or over),UK,456
2018,Q3,Adult (18 or over),UK and Overseas,136
2018,Q3,Adult (18 or over),Not specified or unknown,49
2018,Q3,Adult (18 or over),Total,961
2018,Q3,Child (17 or under),Overseas,201
2018,Q3,Child (17 or under),UK,452
2018,Q3,Child (17 or under),UK and Overseas,37
2018,Q3,Child (17 or under),Not specified or unknown,95
2018,Q3,Child (17 or under),Total,785
2018,Q3,Age not specified or unknown,Overseas,1
2018,Q3,Age not specified or unknown,UK,0
2018,Q3,Age not specified or unknown,UK and Overseas,0
2018,Q3,Age not specified or unknown,Not specified or unknown,0
2018,Q3,Age not specified or unknown,Total,1
2018,Q4,Adult (18 or over),Overseas,301
2018,Q4,Adult (18 or over),UK,558
2018,Q4,Adult (18 or over),UK and Overseas,166
2018,Q4,Adult (18 or over),Not specified or unknown,45
2018,Q4,Adult (18 or over),Total,1070
2018,Q4,Child (17 or under),Overseas,224
2018,Q4,Child (17 or under),UK,536
2018,Q4,Child (17 or under),UK and Overseas,53
2018,Q4,Child (17 or under),Not specified or unknown,74
2018,Q4,Child (17 or under),Total,887
2018,Q4,Age not specified or unknown,Overseas,0
2018,Q4,Age not specified or unknown,UK,0
2018,Q4,Age not specified or unknown,UK and Overseas,0
2018,Q4,Age not specified or unknown,Not specified or unknown,0
2018,Q4,Age not specified or unknown,Total,0
2019,Q1,Adult (18 or over),Overseas,420
2019,Q1,Adult (18 or over),UK,587
2019,Q1,Adult (18 or over),UK and Overseas,165
2019,Q1,Adult (18 or over),Not specified or unknown,37
2019,Q1,Adult (18 or over),Total,1209
2019,Q1,Child (17 or under),Overseas,220
2019,Q1,Child (17 or under),UK,611
2019,Q1,Child (17 or under),UK and Overseas,36
2019,Q1,Child (17 or under),Not specified or unknown,77
2019,Q1,Child (17 or under),Total,944
2019,Q1,Age not specified or unknown,Overseas,0
2019,Q1,Age not specified or unknown,UK,0
2019,Q1,Age not specified or unknown,UK and Overseas,0
2019,Q1,Age not specified or unknown,Not specified or unknown,0
2019,Q1,Age not specified or unknown,Total,0
2019,Q2,Adult (18 or over),Overseas,407
2019,Q2,Adult (18 or over),UK,692
2019,Q2,Adult (18 or over),UK and Overseas,183
2019,Q2,Adult (18 or over),Not specified or unknown,44
2019,Q2,Adult (18 or over),Total,1326
2019,Q2,Child (17 or under),Overseas,196
2019,Q2,Child (17 or under),UK,677
2019,Q2,Child (17 or under),UK and Overseas,62
2019,Q2,Child (17 or under),Not specified or unknown,47
2019,Q2,Child (17 or under),Total,982
2019,Q2,Age not specified or unknown,Overseas,1
2019,Q2,Age not specified or unknown,UK,0
2019,Q2,Age not specified or unknown,UK and Overseas,0
2019,Q2,Age not specified or unknown,Not specified or unknown,0
2019,Q2,Age not specified or unknown,Total,1
2019,Q3,Adult (18 or over),Overseas,428
2019,Q3,Adult (18 or over),UK,961
2019,Q3,Adult (18 or over),UK and Overseas,200
2019,Q3,Adult (18 or over),Not specified or unknown,39
2019,Q3,Adult (18 or over),Total,1628
2019,Q3,Child (17 or under),Overseas,207
2019,Q3,Child (17 or under),UK,821
2019,Q3,Child (17 or under),UK and Overseas,69
2019,Q3,Child (17 or under),Not specified or unknown,77
2019,Q3,Child (17 or under),Total,1174
2019,Q3,Age not specified or unknown,Overseas,0
2019,Q3,Age not specified or unknown,UK,1
2019,Q3,Age not specified or unknown,UK and Overseas,0
2019,Q3,Age not specified or unknown,Not specified or unknown,0
2019,Q3,Age not specified or unknown,Total,1
2019,Q4,Adult (18 or over),Overseas,473
2019,Q4,Adult (18 or over),UK,952
2019,Q4,Adult (18 or over),UK and Overseas,256
2019,Q4,Adult (18 or over),Not specified or unknown,7
2019,Q4,Adult (18 or over),Total,1688
2019,Q4,Child (17 or under),Overseas,326
2019,Q4,Child (17 or under),UK,940
2019,Q4,Child (17 or under),UK and Overseas,152
2019,Q4,Child (17 or under),Not specified or unknown,31
2019,Q4,Child (17 or under),Total,1449
2019,Q4,Age not specified or unknown,Overseas,63
2019,Q4,Age not specified or unknown,UK,110
2019,Q4,Age not specified or unknown,UK and Overseas,30
2019,Q4,Age not specified or unknown,Not specified or unknown,3
2019,Q4,Age not specified or unknown,Total,206
2020,Q1,Adult (18 or over),Overseas,408
2020,Q1,Adult (18 or over),UK,808
2020,Q1,Adult (18 or over),UK and Overseas,268
2020,Q1,Adult (18 or over),Not specified or unknown,1
2020,Q1,Adult (18 or over),Total,1485
2020,Q1,Child (17 or under),Overseas,275
2020,Q1,Child (17 or under),UK,821
2020,Q1,Child (17 or under),UK and Overseas,135
2020,Q1,Child (17 or under),Not specified or unknown,6
2020,Q1,Child (17 or under),Total,1237
2020,Q1,Age not specified or unknown,Overseas,55
2020,Q1,Age not specified or unknown,UK,46
2020,Q1,Age not specified or unknown,UK and Overseas,34
2020,Q1,Age not specified or unknown,Not specified or unknown,0
2020,Q1,Age not specified or unknown,Total,135
2020,Q2,Adult (18 or over),Overseas,176
2020,Q2,Adult (18 or over),UK,510
2020,Q2,Adult (18 or over),UK and Overseas,154
2020,Q2,Adult (18 or over),Not specified or unknown,0
2020,Q2,Adult (18 or over),Total,840
2020,Q2,Child (17 or under),Overseas,128
2020,Q2,Child (17 or under),UK,1063
2020,Q2,Child (17 or under),UK and Overseas,81
2020,Q2,Child (17 or under),Not specified or unknown,5
2020,Q2,Child (17 or under),Total,1277
2020,Q2,Age not specified or unknown,Overseas,23
2020,Q2,Age not specified or unknown,UK,47
2020,Q2,Age not specified or unknown,UK and Overseas,11
2020,Q2,Age not specified or unknown,Not specified or unknown,0
2020,Q2,Age not specified or unknown,Total,81
2020,Q3,Adult (18 or over),Overseas,386
2020,Q3,Adult (18 or over),UK,628
2020,Q3,Adult (18 or over),UK and Overseas,203
2020,Q3,Adult (18 or over),Not specified or unknown,0
2020,Q3,Adult (18 or over),Total,1217
2020,Q3,Child (17 or under),Overseas,160
2020,Q3,Child (17 or under),UK,907
2020,Q3,Child (17 or under),UK and Overseas,94
2020,Q3,Child (17 or under),Not specified or unknown,1
2020,Q3,Child (17 or under),Total,1162
2020,Q3,Age not specified or unknown,Overseas,50
2020,Q3,Age not specified or unknown,UK,44
2020,Q3,Age not specified or unknown,UK and Overseas,18
2020,Q3,Age not specified or unknown,Not specified or unknown,0
2020,Q3,Age not specified or unknown,Total,112
2020,Q4,Adult (18 or over),Overseas,705
2020,Q4,Adult (18 or over),UK,619
2020,Q4,Adult (18 or over),UK and Overseas,207
2020,Q4,Adult (18 or over),Not specified or unknown,0
2020,Q4,Adult (18 or over),Total,1531
2020,Q4,Child (17 or under),Overseas,220
2020,Q4,Child (17 or under),UK,1033
2020,Q4,Child (17 or under),UK and Overseas,85
2020,Q4,Child (17 or under),Not specified or unknown,2
2020,Q4,Child (17 or under),Total,1340
2020,Q4,Age not specified or unknown,Overseas,87
2020,Q4,Age not specified or unknown,UK,53
2020,Q4,Age not specified or unknown,UK and Overseas,27
2020,Q4,Age not specified or unknown,Not specified or unknown,0
2020,Q4,Age not specified or unknown,Total,167
2021,Q1,Adult (18 or over),Overseas,413
2021,Q1,Adult (18 or over),UK,756
2021,Q1,Adult (18 or over),UK and Overseas,260
2021,Q1,Adult (18 or over),Not specified or unknown,0
2021,Q1,Adult (18 or over),Total,1429
2021,Q1,Child (17 or under),Overseas,214
2021,Q1,Child (17 or under),UK,1033
2021,Q1,Child (17 or under),UK and Overseas,111
2021,Q1,Child (17 or under),Not specified or unknown,0
2021,Q1,Child (17 or under),Total,1358
2021,Q1,Age not specified or unknown,Overseas,54
2021,Q1,Age not specified or unknown,UK,61
2021,Q1,Age not specified or unknown,UK and Overseas,34
2021,Q1,Age not specified or unknown,Not specified or unknown,0
2021,Q1,Age not specified or unknown,Total,149
2021,Q2,Adult (18 or over),Overseas,496
2021,Q2,Adult (18 or over),UK,811
2021,Q2,Adult (18 or over),UK and Overseas,251
2021,Q2,Adult (18 or over),Not specified or unknown,0
2021,Q2,Adult (18 or over),Total,1558
2021,Q2,Child (17 or under),Overseas,281
2021,Q2,Child (17 or under),UK,989
2021,Q2,Child (17 or under),UK and Overseas,101
2021,Q2,Child (17 or under),Not specified or unknown,0
2021,Q2,Child (17 or under),Total,1371
2021,Q2,Age not specified or unknown,Overseas,94
2021,Q2,Age not specified or unknown,UK,58
2021,Q2,Age not specified or unknown,UK and Overseas,40
2021,Q2,Age not specified or unknown,Not specified or unknown,0
2021,Q2,Age not specified or unknown,Total,192
2021,Q3,Adult (18 or over),Overseas,694
2021,Q3,Adult (18 or over),UK,715
2021,Q3,Adult (18 or over),UK and Overseas,266
2021,Q3,Adult (18 or over),Not specified or unknown,0
2021,Q3,Adult (18 or over),Total,1675
2021,Q3,Child (17 or under),Overseas,323
2021,Q3,Child (17 or under),UK,937
2021,Q3,Child (17 or under),UK and Overseas,101
2021,Q3,Child (17 or under),Not specified or unknown,0
2021,Q3,Child (17 or under),Total,1361
2021,Q3,Age not specified or unknown,Overseas,145
2021,Q3,Age not specified or unknown,UK,85
2021,Q3,Age not specified or unknown,UK and Overseas,51
2021,Q3,Age not specified or unknown,Not specified or unknown,0
2021,Q3,Age not specified or unknown,Total,281
2021,Q4,Adult (18 or over),Overseas,683
2021,Q4,Adult (18 or over),UK,825
2021,Q4,Adult (18 or over),UK and Overseas,233
2021,Q4,Adult (18 or over),Not specified or unknown,0
2021,Q4,Adult (18 or over),Total,1741
2021,Q4,Child (17 or under),Overseas,333
2021,Q4,Child (17 or under),UK,945
2021,Q4,Child (17 or under),UK and Overseas,85
2021,Q4,Child (17 or under),Not specified or unknown,0
2021,Q4,Child (17 or under),Total,1363
2021,Q4,Age not specified or unknown,Overseas,122
2021,Q4,Age not specified or unknown,UK,77
2021,Q4,Age not specified or unknown,UK and Overseas,28
2021,Q4,Age not specified or unknown,Not specified or unknown,0
2021,Q4,Age not specified or unknown,Total,227
2022,Q1,Adult (18 or over),Overseas,803
2022,Q1,Adult (18 or over),UK,931
2022,Q1,Adult (18 or over),UK and Overseas,318
2022,Q1,Adult (18 or over),Not specified or unknown,0
2022,Q1,Adult (18 or over),Total,2052
2022,Q1,Child (17 or under),Overseas,370
2022,Q1,Child (17 or under),UK,978
2022,Q1,Child (17 or under),UK and Overseas,119
2022,Q1,Child (17 or under),Not specified or unknown,0
2022,Q1,Child (17 or under),Total,1467
2022,Q1,Age not specified or unknown,Overseas,149
2022,Q1,Age not specified or unknown,UK,69
2022,Q1,Age not specified or unknown,UK and Overseas,36
2022,Q1,Age not specified or unknown,Not specified or unknown,0
2022,Q1,Age not specified or unknown,Total,254
2022,Q2,Adult (18 or over),Overseas,1200
2022,Q2,Adult (18 or over),UK,805
2022,Q2,Adult (18 or over),UK and Overseas,257
2022,Q2,Adult (18 or over),Not specified or unknown,0
2022,Q2,Adult (18 or over),Total,2262
2022,Q2,Child (17 or under),Overseas,425
2022,Q2,Child (17 or under),UK,1087
2022,Q2,Child (17 or under),UK and Overseas,115
2022,Q2,Child (17 or under),Not specified or unknown,0
2022,Q2,Child (17 or under),Total,1627
2022,Q2,Age not specified or unknown,Overseas,154
2022,Q2,Age not specified or unknown,UK,79
2022,Q2,Age not specified or unknown,UK and Overseas,39
2022,Q2,Age not specified or unknown,Not specified or unknown,0
2022,Q2,Age not specified or unknown,Total,272
2022,Q3,Adult (18 or over),Overseas,1150
2022,Q3,Adult (18 or over),UK,849
2022,Q3,Adult (18 or over),UK and Overseas,303
2022,Q3,Adult (18 or over),Not specified or unknown,0
2022,Q3,Adult (18 or over),Total,2302
2022,Q3,Child (17 or under),Overseas,690
2022,Q3,Child (17 or under),UK,1146
2022,Q3,Child (17 or under),UK and Overseas,143
2022,Q3,Child (17 or under),Not specified or unknown,0
2022,Q3,Child (17 or under),Total,1979
2022,Q3,Age not specified or unknown,Overseas,176
2022,Q3,Age not specified or unknown,UK,71
2022,Q3,Age not specified or unknown,UK and Overseas,53
2022,Q3,Age not specified or unknown,Not specified or unknown,0
2022,Q3,Age not specified or unknown,Total,300
2022,Q4,Adult (18 or over),Overseas,1007
2022,Q4,Adult (18 or over),UK,907
2022,Q4,Adult (18 or over),UK and Overseas,321
2022,Q4,Adult (18 or over),Not specified or unknown,0
2022,Q4,Adult (18 or over),Total,2235
2022,Q4,Child (17 or under),Overseas,601
2022,Q4,Child (17 or under),UK,1192
2022,Q4,Child (17 or under),UK and Overseas,149
2022,Q4,Child (17 or under),Not specified or unknown,0
2022,Q4,Child (17 or under),Total,1942
2022,Q4,Age not specified or unknown,Overseas,143
2022,Q4,Age not specified or unknown,UK,69
2022,Q4,Age not specified or unknown,UK and Overseas,27
2022,Q4,Age not specified or unknown,Not specified or unknown,0
2022,Q4,Age not specified or unknown,Total,239
2023,Q1,Adult (18 or over),Overseas,1032
2023,Q1,Adult (18 or over),UK,1071
2023,Q1,Adult (18 or over),UK and Overseas,482
2023,Q1,Adult (18 or over),Not specified or unknown,0
2023,Q1,Adult (18 or over),Total,2585
2023,Q1,Child (17 or under),Overseas,522
2023,Q1,Child (17 or under),UK,1209
2023,Q1,Child (17 or under),UK and Overseas,165
2023,Q1,Child (17 or under),Not specified or unknown,0
2023,Q1,Child (17 or under),Total,1896
2023,Q1,Age not specified or unknown,Overseas,131
2023,Q1,Age not specified or unknown,UK,93
2023,Q1,Age not specified or unknown,UK and Overseas,34
2023,Q1,Age not specified or unknown,Not specified or unknown,0
2023,Q1,Age not specified or unknown,Total,258
2023,Q2,Adult (18 or over),Overseas,877
2023,Q2,Adult (18 or over),UK,857
2023,Q2,Adult (18 or over),UK and Overseas,307
2023,Q2,Adult (18 or over),Not specified or unknown,0
2023,Q2,Adult (18 or over),Total,2041
2023,Q2,Child (17 or under),Overseas,531
2023,Q2,Child (17 or under),UK,1066
2023,Q2,Child (17 or under),UK and Overseas,153
2023,Q2,Child (17 or under),Not specified or unknown,0
2023,Q2,Child (17 or under),Total,1750
2023,Q2,Age not specified or unknown,Overseas,100
2023,Q2,Age not specified or unknown,UK,72
2023,Q2,Age not specified or unknown,UK and Overseas,35
2023,Q2,Age not specified or unknown,Not specified or unknown,0
2023,Q2,Age not specified or unknown,Total,207
